<?xml version="1.0" encoding="iso-8859-1"?>
<AnalysisHistory filename="C:\Users\i69844\Downloads\Amazon\Amazon\Application\pd\generic_timer.c"><Results tool="PC-lint"><Result Date="2022-08-17T10:48:40"><Categories issues="1"><Category id="0" name="Elective Note" issues="0"/><Category id="1" name="Information" issues="0"/><Category id="2" name="Warning" issues="0"/><Category id="3" name="Error" issues="0"/><Category id="4" name="Internal Error" issues="0"/><Category id="5" name="Fatal Error" issues="1"/></Categories><Issues><Issue id="307" category="5" count="1"/></Issues></Result><Result Date="2022-08-17T10:51:36"><Categories issues="0"><Category id="0" name="Elective Note" issues="0"/><Category id="1" name="Information" issues="0"/><Category id="2" name="Warning" issues="0"/><Category id="3" name="Error" issues="0"/><Category id="4" name="Internal Error" issues="0"/><Category id="5" name="Fatal Error" issues="0"/></Categories><Issues/></Result></Results></AnalysisHistory>
