<?xml version="1.0"?>
<ProjectAnalysisReport>
	<Product name="Visual Lint Enterprise Edition (trial)" version="8.0.9.353" url="https://www.riverblade.co/products/visual_lint" licence_user=""/>
	<User name="I69844" computer="CHE-LT-I69844"/>
	<Options show_rules="0"/>
	<Categories>
		<Category level="0" display_name="Elective Note" display_name_plural="Elective Notes" severity="1" icon="Note" xml_element="ElectiveNote" is_fatal="0" built_in_level="1" foreground_colour="0,0,160" background_colour=""/>
		<Category level="1" display_name="Information" display_name_plural="Informational" severity="2" icon="Information" xml_element="Information" is_fatal="0" built_in_level="2" foreground_colour="128,0,128" background_colour=""/>
		<Category level="2" display_name="Warning" display_name_plural="Warnings" severity="3" icon="Warning" xml_element="Warning" is_fatal="0" built_in_level="3" foreground_colour="160,128,0" background_colour=""/>
		<Category level="3" display_name="Error" display_name_plural="Errors" severity="4" icon="Error" xml_element="Error" is_fatal="0" built_in_level="4" foreground_colour="160,0,0" background_colour=""/>
		<Category level="4" display_name="Internal Error" display_name_plural="Internal Errors" severity="5" icon="HandYellow" xml_element="InternalError" is_fatal="0" built_in_level="5" foreground_colour="0,0,0" background_colour="255,255,160"/>
		<Category level="5" display_name="Fatal Error" display_name_plural="Fatal Errors" severity="999" icon="HandRed" xml_element="FatalError" is_fatal="1" built_in_level="999" foreground_colour="0,0,0" background_colour="224,128,128"/>
	</Categories>
	<Solution pathname="C:\Users\i69844\OneDrive - Microchip Technology Inc\Desktop\TEst\Amazon\Amazon.vlproj" filename="Amazon.vlproj" configuration="Default">
		<Projects>
			<Project name="Amazon" pathname="C:\Users\i69844\OneDrive - Microchip Technology Inc\Desktop\TEst\Amazon\Amazon.vlproj" filename="Amazon.vlproj" configuration="Default" status="Complete" analysis_time_taken="" time_last_analysed="Wednesday, August 17, 2022, 11:02:35" analysis_tool="PC-lint for C/C++ (NT) Vers. 9.00L, Copyright Gimpel Software 1985-2014">
				<Summary issue_count="0" show_chart="1">
					<Categories>
						<Category name="Elective Notes" count="0" percentage="0.00" colour="#0000a0"/>
						<Category name="Informational" count="0" percentage="0.00" colour="#800080"/>
						<Category name="Warnings" count="0" percentage="0.00" colour="#ff8000"/>
						<Category name="Errors" count="0" percentage="0.00" colour="#ff0000"/>
						<Category name="Internal Errors" count="0" percentage="0.00" colour="#ffffa0"/>
						<Category name="Fatal Errors" count="0" percentage="0.00" colour="#e08080"/>
					</Categories>
					<Issues/>
				</Summary>
				<Files>
					<File filename="cfg_globals.c" status="Complete" results_filename="c6c12330_cfg_globals.c.html">
						<Summary issue_count="0">
							<Categories>
								<Category name="Elective Notes" count="0" percentage="0.00" colour="#0000a0"/>
								<Category name="Informational" count="0" percentage="0.00" colour="#800080"/>
								<Category name="Warnings" count="0" percentage="0.00" colour="#ff8000"/>
								<Category name="Errors" count="0" percentage="0.00" colour="#ff0000"/>
								<Category name="Internal Errors" count="0" percentage="0.00" colour="#ffffa0"/>
								<Category name="Fatal Errors" count="0" percentage="0.00" colour="#e08080"/>
							</Categories>
							<Issues/>
						</Summary>
					</File>
					<File filename="debug.c" status="Complete" results_filename="c6c12330_debug.c.html">
						<Summary issue_count="0">
							<Categories>
								<Category name="Elective Notes" count="0" percentage="0.00" colour="#0000a0"/>
								<Category name="Informational" count="0" percentage="0.00" colour="#800080"/>
								<Category name="Warnings" count="0" percentage="0.00" colour="#ff8000"/>
								<Category name="Errors" count="0" percentage="0.00" colour="#ff0000"/>
								<Category name="Internal Errors" count="0" percentage="0.00" colour="#ffffa0"/>
								<Category name="Fatal Errors" count="0" percentage="0.00" colour="#e08080"/>
							</Categories>
							<Issues/>
						</Summary>
					</File>
					<File filename="generic_timer.c" status="Complete" results_filename="c6c12330_generic_timer.c.html">
						<Summary issue_count="0">
							<Categories>
								<Category name="Elective Notes" count="0" percentage="0.00" colour="#0000a0"/>
								<Category name="Informational" count="0" percentage="0.00" colour="#800080"/>
								<Category name="Warnings" count="0" percentage="0.00" colour="#ff8000"/>
								<Category name="Errors" count="0" percentage="0.00" colour="#ff0000"/>
								<Category name="Internal Errors" count="0" percentage="0.00" colour="#ffffa0"/>
								<Category name="Fatal Errors" count="0" percentage="0.00" colour="#e08080"/>
							</Categories>
							<Issues/>
						</Summary>
					</File>
					<File filename="int_globals.c" status="Complete" results_filename="c6c12330_int_globals.c.html">
						<Summary issue_count="0">
							<Categories>
								<Category name="Elective Notes" count="0" percentage="0.00" colour="#0000a0"/>
								<Category name="Informational" count="0" percentage="0.00" colour="#800080"/>
								<Category name="Warnings" count="0" percentage="0.00" colour="#ff8000"/>
								<Category name="Errors" count="0" percentage="0.00" colour="#ff0000"/>
								<Category name="Internal Errors" count="0" percentage="0.00" colour="#ffffa0"/>
								<Category name="Fatal Errors" count="0" percentage="0.00" colour="#e08080"/>
							</Categories>
							<Issues/>
						</Summary>
					</File>
					<File filename="pd_main.c" status="Complete" results_filename="c6c12330_pd_main.c.html">
						<Summary issue_count="0">
							<Categories>
								<Category name="Elective Notes" count="0" percentage="0.00" colour="#0000a0"/>
								<Category name="Informational" count="0" percentage="0.00" colour="#800080"/>
								<Category name="Warnings" count="0" percentage="0.00" colour="#ff8000"/>
								<Category name="Errors" count="0" percentage="0.00" colour="#ff0000"/>
								<Category name="Internal Errors" count="0" percentage="0.00" colour="#ffffa0"/>
								<Category name="Fatal Errors" count="0" percentage="0.00" colour="#e08080"/>
							</Categories>
							<Issues/>
						</Summary>
					</File>
					<File filename="policy_engine.c" status="Complete" results_filename="c6c12330_policy_engine.c.html">
						<Summary issue_count="0">
							<Categories>
								<Category name="Elective Notes" count="0" percentage="0.00" colour="#0000a0"/>
								<Category name="Informational" count="0" percentage="0.00" colour="#800080"/>
								<Category name="Warnings" count="0" percentage="0.00" colour="#ff8000"/>
								<Category name="Errors" count="0" percentage="0.00" colour="#ff0000"/>
								<Category name="Internal Errors" count="0" percentage="0.00" colour="#ffffa0"/>
								<Category name="Fatal Errors" count="0" percentage="0.00" colour="#e08080"/>
							</Categories>
							<Issues/>
						</Summary>
					</File>
					<File filename="policy_engine_fwup.c" status="Complete" results_filename="c6c12330_policy_engine_fwup.c.html">
						<Summary issue_count="0">
							<Categories>
								<Category name="Elective Notes" count="0" percentage="0.00" colour="#0000a0"/>
								<Category name="Informational" count="0" percentage="0.00" colour="#800080"/>
								<Category name="Warnings" count="0" percentage="0.00" colour="#ff8000"/>
								<Category name="Errors" count="0" percentage="0.00" colour="#ff0000"/>
								<Category name="Internal Errors" count="0" percentage="0.00" colour="#ffffa0"/>
								<Category name="Fatal Errors" count="0" percentage="0.00" colour="#e08080"/>
							</Categories>
							<Issues/>
						</Summary>
					</File>
					<File filename="policy_engine_snk.c" status="Complete" results_filename="c6c12330_policy_engine_snk.c.html">
						<Summary issue_count="0">
							<Categories>
								<Category name="Elective Notes" count="0" percentage="0.00" colour="#0000a0"/>
								<Category name="Informational" count="0" percentage="0.00" colour="#800080"/>
								<Category name="Warnings" count="0" percentage="0.00" colour="#ff8000"/>
								<Category name="Errors" count="0" percentage="0.00" colour="#ff0000"/>
								<Category name="Internal Errors" count="0" percentage="0.00" colour="#ffffa0"/>
								<Category name="Fatal Errors" count="0" percentage="0.00" colour="#e08080"/>
							</Categories>
							<Issues/>
						</Summary>
					</File>
					<File filename="policy_engine_src.c" status="Complete" results_filename="c6c12330_policy_engine_src.c.html">
						<Summary issue_count="0">
							<Categories>
								<Category name="Elective Notes" count="0" percentage="0.00" colour="#0000a0"/>
								<Category name="Informational" count="0" percentage="0.00" colour="#800080"/>
								<Category name="Warnings" count="0" percentage="0.00" colour="#ff8000"/>
								<Category name="Errors" count="0" percentage="0.00" colour="#ff0000"/>
								<Category name="Internal Errors" count="0" percentage="0.00" colour="#ffffa0"/>
								<Category name="Fatal Errors" count="0" percentage="0.00" colour="#e08080"/>
							</Categories>
							<Issues/>
						</Summary>
					</File>
					<File filename="policy_manager.c" status="Complete" results_filename="c6c12330_policy_manager.c.html">
						<Summary issue_count="0">
							<Categories>
								<Category name="Elective Notes" count="0" percentage="0.00" colour="#0000a0"/>
								<Category name="Informational" count="0" percentage="0.00" colour="#800080"/>
								<Category name="Warnings" count="0" percentage="0.00" colour="#ff8000"/>
								<Category name="Errors" count="0" percentage="0.00" colour="#ff0000"/>
								<Category name="Internal Errors" count="0" percentage="0.00" colour="#ffffa0"/>
								<Category name="Fatal Errors" count="0" percentage="0.00" colour="#e08080"/>
							</Categories>
							<Issues/>
						</Summary>
					</File>
					<File filename="protocol_layer.c" status="Complete" results_filename="c6c12330_protocol_layer.c.html">
						<Summary issue_count="0">
							<Categories>
								<Category name="Elective Notes" count="0" percentage="0.00" colour="#0000a0"/>
								<Category name="Informational" count="0" percentage="0.00" colour="#800080"/>
								<Category name="Warnings" count="0" percentage="0.00" colour="#ff8000"/>
								<Category name="Errors" count="0" percentage="0.00" colour="#ff0000"/>
								<Category name="Internal Errors" count="0" percentage="0.00" colour="#ffffa0"/>
								<Category name="Fatal Errors" count="0" percentage="0.00" colour="#e08080"/>
							</Categories>
							<Issues/>
						</Summary>
					</File>
					<File filename="typeC_control.c" status="Complete" results_filename="c6c12330_typeC_control.c.html">
						<Summary issue_count="0">
							<Categories>
								<Category name="Elective Notes" count="0" percentage="0.00" colour="#0000a0"/>
								<Category name="Informational" count="0" percentage="0.00" colour="#800080"/>
								<Category name="Warnings" count="0" percentage="0.00" colour="#ff8000"/>
								<Category name="Errors" count="0" percentage="0.00" colour="#ff0000"/>
								<Category name="Internal Errors" count="0" percentage="0.00" colour="#ffffa0"/>
								<Category name="Fatal Errors" count="0" percentage="0.00" colour="#e08080"/>
							</Categories>
							<Issues/>
						</Summary>
					</File>
					<File filename="upd_hw.c" status="Complete" results_filename="c6c12330_upd_hw.c.html">
						<Summary issue_count="0">
							<Categories>
								<Category name="Elective Notes" count="0" percentage="0.00" colour="#0000a0"/>
								<Category name="Informational" count="0" percentage="0.00" colour="#800080"/>
								<Category name="Warnings" count="0" percentage="0.00" colour="#ff8000"/>
								<Category name="Errors" count="0" percentage="0.00" colour="#ff0000"/>
								<Category name="Internal Errors" count="0" percentage="0.00" colour="#ffffa0"/>
								<Category name="Fatal Errors" count="0" percentage="0.00" colour="#e08080"/>
							</Categories>
							<Issues/>
						</Summary>
					</File>
					<File filename="upd_interrupts.c" status="Complete" results_filename="c6c12330_upd_interrupts.c.html">
						<Summary issue_count="0">
							<Categories>
								<Category name="Elective Notes" count="0" percentage="0.00" colour="#0000a0"/>
								<Category name="Informational" count="0" percentage="0.00" colour="#800080"/>
								<Category name="Warnings" count="0" percentage="0.00" colour="#ff8000"/>
								<Category name="Errors" count="0" percentage="0.00" colour="#ff0000"/>
								<Category name="Internal Errors" count="0" percentage="0.00" colour="#ffffa0"/>
								<Category name="Fatal Errors" count="0" percentage="0.00" colour="#e08080"/>
							</Categories>
							<Issues/>
						</Summary>
					</File>
				</Files>
			</Project>
		</Projects>
	</Solution>
</ProjectAnalysisReport>
